{
	"format_version": "1.8.0",
	"animations": {
		"animation.cthulhu_stage1.spawnminion": {
			"animation_length": 4.625,
			"bones": {
				"left_side_vein": {
					"rotation": {
						"0.0": {
							"vector": [0, 0, 0]
						},
						"0.5": {
							"vector": [17.5, 0, 0]
						},
						"1.2083": {
							"vector": [17.75313, -9.53274, -3.03513]
						},
						"1.9167": {
							"vector": [17.56274, 4.76804, 1.50701]
						},
						"2.625": {
							"vector": [17.75313, -9.53274, -3.03513]
						},
						"3.3333": {
							"vector": [17.56274, 4.76804, 1.50701]
						},
						"4.0833": {
							"vector": [17.5, 0, 0]
						},
						"4.5833": {
							"vector": [0, 0, 0]
						}
					},
					"position": {
						"0.0": {
							"vector": [0, 0, 0]
						},
						"0.5": {
							"vector": [0, 11, 15]
						},
						"1.2083": {
							"vector": [-2, 11, 15]
						},
						"1.9167": {
							"vector": [2, 11, 15]
						},
						"2.625": {
							"vector": [-2, 11, 15]
						},
						"3.3333": {
							"vector": [2, 11, 15]
						},
						"4.0833": {
							"vector": [0, 11, 15]
						},
						"4.5833": {
							"vector": [0, 0, 0]
						}
					}
				},
				"right_side_vein": {
					"rotation": {
						"0.0": {
							"vector": [0, 0, 0]
						},
						"0.5": {
							"vector": [17.5, 0, 0]
						},
						"1.2083": {
							"vector": [17.75313, -9.53274, -3.03513]
						},
						"1.9167": {
							"vector": [17.56274, 4.76804, 1.50701]
						},
						"2.625": {
							"vector": [17.75313, -9.53274, -3.03513]
						},
						"3.3333": {
							"vector": [17.56274, 4.76804, 1.50701]
						},
						"4.0833": {
							"vector": [17.5, 0, 0]
						},
						"4.5833": {
							"vector": [0, 0, 0]
						}
					},
					"position": {
						"0.0": {
							"vector": [0, 0, 0]
						},
						"0.5": {
							"vector": [0, 11, 15]
						},
						"1.2083": {
							"vector": [-2, 11, 15]
						},
						"1.9167": {
							"vector": [2, 11, 15]
						},
						"2.625": {
							"vector": [-2, 11, 15]
						},
						"3.3333": {
							"vector": [2, 11, 15]
						},
						"4.0833": {
							"vector": [0, 11, 15]
						},
						"4.5833": {
							"vector": [0, 0, 0]
						}
					}
				},
				"top_vein": {
					"rotation": {
						"0.0": {
							"vector": [0, 0, 0]
						},
						"0.5": {
							"vector": [17.5, 0, 0]
						},
						"1.2083": {
							"vector": [17.75313, -9.53274, -3.03513]
						},
						"1.9167": {
							"vector": [17.56274, 4.76804, 1.50701]
						},
						"2.625": {
							"vector": [17.75313, -9.53274, -3.03513]
						},
						"3.3333": {
							"vector": [17.56274, 4.76804, 1.50701]
						},
						"4.0833": {
							"vector": [17.5, 0, 0]
						},
						"4.5833": {
							"vector": [0, 0, 0]
						}
					},
					"position": {
						"0.0": {
							"vector": [0, 0, 0]
						},
						"0.5": {
							"vector": [0, 11, 15]
						},
						"1.2083": {
							"vector": [-2, 11, 15]
						},
						"1.9167": {
							"vector": [2, 11, 15]
						},
						"2.625": {
							"vector": [-2, 11, 15]
						},
						"3.3333": {
							"vector": [2, 11, 15]
						},
						"4.0833": {
							"vector": [0, 11, 15]
						},
						"4.5833": {
							"vector": [0, 0, 0]
						}
					}
				},
				"bottom_vein": {
					"rotation": {
						"0.0": {
							"vector": [0, 0, 0]
						},
						"0.5": {
							"vector": [17.5, 0, 0]
						},
						"1.2083": {
							"vector": [17.75313, -9.53274, -3.03513]
						},
						"1.9167": {
							"vector": [17.56274, 4.76804, 1.50701]
						},
						"2.625": {
							"vector": [17.75313, -9.53274, -3.03513]
						},
						"3.3333": {
							"vector": [17.56274, 4.76804, 1.50701]
						},
						"4.0833": {
							"vector": [17.5, 0, 0]
						},
						"4.5833": {
							"vector": [0, 0, 0]
						}
					},
					"position": {
						"0.0": {
							"vector": [0, 0, 0]
						},
						"0.5": {
							"vector": [0, 11, 15]
						},
						"1.2083": {
							"vector": [-2, 11, 15]
						},
						"1.9167": {
							"vector": [2, 11, 15]
						},
						"2.625": {
							"vector": [-2, 11, 15]
						},
						"3.3333": {
							"vector": [2, 11, 15]
						},
						"4.0833": {
							"vector": [0, 11, 15]
						},
						"4.5833": {
							"vector": [0, 0, 0]
						}
					}
				},
				"Body": {
					"rotation": {
						"0.0": {
							"vector": [0, 0, 0]
						},
						"0.5": {
							"vector": [17.5, 0, 0]
						},
						"1.2083": {
							"vector": [17.75313, -9.53274, -3.03513]
						},
						"1.9167": {
							"vector": [17.56274, 4.76804, 1.50701]
						},
						"2.625": {
							"vector": [17.75313, -9.53274, -3.03513]
						},
						"3.3333": {
							"vector": [17.56274, 4.76804, 1.50701]
						},
						"4.0833": {
							"vector": [17.5, 0, 0]
						},
						"4.5833": {
							"vector": [0, 0, 0]
						}
					},
					"position": {
						"0.0": {
							"vector": [0, 0, 0]
						},
						"0.5": {
							"vector": [0, 11, 15]
						},
						"1.2083": {
							"vector": [-2, 11, 15]
						},
						"1.9167": {
							"vector": [2, 11, 15]
						},
						"2.625": {
							"vector": [-2, 11, 15]
						},
						"3.3333": {
							"vector": [2, 11, 15]
						},
						"4.0833": {
							"vector": [0, 11, 15]
						},
						"4.5833": {
							"vector": [0, 0, 0]
						}
					}
				}
			}
		},
		"animation.cthulhu_stage1.dash": {
			"animation_length": 3.29167,
			"bones": {
				"left_side_vein": {
					"rotation": {
						"0.0": {
							"vector": [0, 0, 0]
						},
						"0.625": {
							"vector": [15, 0, 0]
						},
						"1.3333": {
							"vector": [22.5, 0, 0]
						},
						"2.0833": {
							"vector": [22.5, 0, 0]
						},
						"2.25": {
							"vector": [170, 0, -180]
						},
						"2.875": {
							"vector": [180, 0, -180]
						},
						"3.0417": {
							"vector": [0, 0, 0]
						}
					},
					"position": {
						"0.0": {
							"vector": [0, 0, 0]
						},
						"0.625": {
							"vector": [0, 18, 25]
						},
						"1.3333": {
							"vector": [0, 18, 25]
						},
						"2.0833": {
							"vector": [0, -15, -23]
						},
						"2.25": {
							"vector": [0, -15, -23]
						},
						"2.875": {
							"vector": [0, 1, 0]
						},
						"3.0417": {
							"vector": [0, 0, 0]
						}
					}
				},
				"right_side_vein": {
					"rotation": {
						"0.0": {
							"vector": [0, 0, 0]
						},
						"0.625": {
							"vector": [15, 0, 0]
						},
						"1.3333": {
							"vector": [22.5, 0, 0]
						},
						"2.0833": {
							"vector": [22.5, 0, 0]
						},
						"2.25": {
							"vector": [170, 0, -180]
						},
						"2.875": {
							"vector": [180, 0, -180]
						},
						"3.0417": {
							"vector": [0, 0, 0]
						}
					},
					"position": {
						"0.0": {
							"vector": [0, 0, 0]
						},
						"0.625": {
							"vector": [0, 18, 25]
						},
						"1.3333": {
							"vector": [0, 18, 25]
						},
						"2.0833": {
							"vector": [0, -15, -23]
						},
						"2.25": {
							"vector": [0, -15, -23]
						},
						"2.875": {
							"vector": [0, 1, 0]
						},
						"3.0417": {
							"vector": [0, 0, 0]
						}
					}
				},
				"top_vein": {
					"rotation": {
						"0.0": {
							"vector": [0, 0, 0]
						},
						"0.625": {
							"vector": [15, 0, 0]
						},
						"1.3333": {
							"vector": [22.5, 0, 0]
						},
						"2.0833": {
							"vector": [22.5, 0, 0]
						},
						"2.25": {
							"vector": [170, 0, -180]
						},
						"2.875": {
							"vector": [180, 0, -180]
						},
						"3.0417": {
							"vector": [0, 0, 0]
						}
					},
					"position": {
						"0.0": {
							"vector": [0, 0, 0]
						},
						"0.625": {
							"vector": [0, 18, 25]
						},
						"1.3333": {
							"vector": [0, 18, 25]
						},
						"2.0833": {
							"vector": [0, -15, -23]
						},
						"2.25": {
							"vector": [0, -15, -23]
						},
						"2.875": {
							"vector": [0, 1, 0]
						},
						"3.0417": {
							"vector": [0, 0, 0]
						}
					}
				},